"",model,accuracy,macro_f1,weighted_f1,roc_auc,pr_auc,cm
4,bert/rubert,0.881,0.815100,0.875150,0.938920,0.981260,"[[142, 86], [33, 739]]"
1,classic/svm_linear,0.856,0.790210,0.854120,0.906111,0.970187,"[[148, 80], [64, 708]]"
0,classic/logreg,0.840,0.783755,0.843750,0.898748,0.967594,"[[165, 63], [97, 675]]"
2,classic/naive_bayes,0.786,0.514184,0.711868,0.850195,0.948168,"[[19, 209], [5, 767]]"
3,rnn/bilstm,0.749,0.457545,0.673850,0.502130,0.770299,"[[8, 220], [31, 741]]"
